entry_id,field_path,old_file,old_line,old_code,old_desc,new_file,new_line,new_code,new_desc,reason
entry-00099,entry_point,packages/cli/src/workflows/workflows.controller.ts,539,@Post('/:workflowId/run'),@Post路由装饰器,packages/cli/src/workflows/workflows.controller.ts,"539-542",@Post('/:workflowId/run') @ProjectScope装饰器和方法定义,认证用户通过网络触发工作流执行的HTTP POST端点,Move to the node that best represents external input
entry-00099,critical_operation,packages/workflow/src/expression-sandboxing.ts,244,export const PrototypeSanitizer: ASTAfterHook,PrototypeSanitizer函数定义,packages/workflow/src/expression-evaluator-proxy.ts,"9-12",const tournamentEvaluator = new Tournament(...),Tournament evaluator实例和钩子注册,是表达式求值管道的核心执行点,Point at the real execution or bypass-enabling operation
entry-00099,verify,0,1,,,,,,1,Mark reviewed after source and fix verification
entry-00100,entry_point,packages/workflow/src/expression.ts,368,resolveSimpleParameterValue(,resolveSimpleParameterValue入口,packages/workflow/src/expression.ts,"368-382",resolveSimpleParameterValue完整函数签名,节点参数求值入口方法,是用户可控输入进入沙箱的关口,Move to the node that best represents external input
entry-00100,critical_operation,packages/workflow/src/expression-sandboxing.ts,"330-336",export const sanitizer = (value: unknown),sanitizer函数定义,packages/workflow/src/expression-evaluator-proxy.ts,"9-12",const tournamentEvaluator = new Tournament(...),Tournament evaluator实例,是表达式求值管道的核心执行点,Point at the real execution or bypass-enabling operation
entry-00100,verify,0,1,,,,,,1,Mark reviewed after source and fix verification
entry-00103,entry_point,packages/cli/src/webhooks/webhook-helpers.ts,615,},代码块结束节点无语义,packages/cli/src/webhooks/webhook-helpers.ts,"882-892",evaluateResponseHeaders函数完整逻辑,用户响应头配置表达式求值入口,是外部可控输入进入响应头处理的真正入口点,Move to the node that best represents external input
entry-00103,critical_operation,packages/core/src/html-sandbox.ts,20,const contentTypeLower = contentType.toLowerCase(),单个语句,packages/core/src/html-sandbox.ts,"18-23",isHtmlRenderedContentType完整函数,toLowerCase后直接startsWith未trim,XSS防护失效的根因,Point at the real execution or bypass-enabling operation
entry-00103,verify,0,1,,,,,,1,Mark reviewed after source and fix verification
entry-00176,entry_point,packages/nodes-base/nodes/Code/Code.node.ts,206,const code = this.getNodeParameter(codeParameterName, 0),JavaScriptSandbox构造函数,packages/nodes-base/nodes/Code/Code.node.ts,"206-207",Python代码参数获取,用户Python源码通过getNodeParameter获取,是用户可控输入进入Python沙箱的真正入口点,Move to the node that best represents external input
entry-00176,critical_operation,packages/@n8n/task-runner-python/src/constants.py,"126-135",BLOCKED_ATTRIBUTES = {...},静态列表定义,packages/@n8n/task-runner-python/src/task_analyzer.py,"63-68",if (node.attr in BLOCKED_ATTRIBUTES),黑名单成员判断是漏洞核心缺陷点,是漏洞真正成立的位置而非数据定义,Point at the real execution or bypass-enabling operation
entry-00176,verify,0,1,,,,,,1,Mark reviewed after source and fix verification
entry-00511,entry_point,packages/workflow/src/expression.ts,485,data.extend = extend,extend赋值,packages/workflow/src/expression.ts,"451-453",extendSyntax和renderExpression,用户表达式送入VM沙箱,是用户可控输入进入沙箱的起点,Move to the node that best represents external input
entry-00511,critical_operation,packages/@n8n/expression-runtime/src/extensions/extend.ts,"82-84",return { type: native function: inputAny[functionName] },原生属性回退分支,packages/@n8n/expression-runtime/src/extensions/extend.ts,"77-84",if (!foundFunction) { inputAny[functionName] },原生属性查找无危险属性检查,functionName为constructor时返回Function构造器,是沙箱逃逸的关键点,Point at the real execution or bypass-enabling operation
entry-00511,verify,0,1,,,,,,1,Mark reviewed after source and fix verification
entry-00512,entry_point,packages/workflow/src/expression.ts,524,private renderExpression(expression: string, data: IWorkflowDataProxyData),renderExpression方法定义,packages/workflow/src/expression.ts,"451-453",extendSyntax和renderExpression,用户表达式送入VM沙箱,是用户可控输入进入沙箱的起点,Move to the node that best represents external input
entry-00512,critical_operation,packages/@n8n/expression-runtime/src/runtime/reset.ts,46,globalThis.__data.__sanitize = __sanitize,普通赋值,packages/@n8n/expression-runtime/src/runtime/reset.ts,"43-46",globalThis.__data.__sanitize = __sanitize,普通赋值缺少不可写约束,是__sanitize可被覆写的漏洞点,Point at the real execution or bypass-enabling operation
entry-00512,verify,0,1,,,,,,1,Mark reviewed after source and fix verification
